{"short_name":"Simple TTT","name":"Simple Tic Tac Toe","icons":[{"src":"/favicon.svg","type":"image/svg+xml","sizes":"567x567"}],"start_url":"/","background_color":"#FFFFFF","display":"fullscreen","scope":"/","theme_color":"#FFFFFF","shortcuts":[],"description":"Simple page to play tic tac toe","screenshots":[{"src":"/screenshots/phone-1.png","type":"image/png","sizes":"750x1334","form_factor":"narrow"},{"src":"/screenshots/phone-2.png","type":"image/png","sizes":"750x1334","form_factor":"narrow"},{"src":"/screenshots/phone-3.png","type":"image/png","sizes":"750x1334","form_factor":"narrow"},{"src":"screenshots/tablet.png","type":"image/jpg","sizes":"1920x993","form_factor":"wide"}]}